{
    "1": {
        "Random": {
            "Precision@1": 0.0,
            "MRR@1": 0.0
        },
        "BM25+CE": {
            "Precision@1": 0.5242290748898678,
            "MRR@1": 0.5242290748898678
        },
        "SPLADE": {
            "Precision@1": 0.7444933920704846,
            "MRR@1": 0.7444933920704846
        },
        "ColBERT": {
            "Precision@1": 0.7929515418502202,
            "MRR@1": 0.7929515418502202
        },
        "BM25": {
            "Precision@1": 0.6960352422907489,
            "MRR@1": 0.6960352422907489
        },
        "TFIDF": {
            "Precision@1": 0.5682819383259912,
            "MRR@1": 0.5682819383259912
        },
        "ANCE": {
            "Precision@1": 0.6123348017621145,
            "MRR@1": 0.6123348017621145
        },
        "DPR": {
            "Precision@1": 0.2643171806167401,
            "MRR@1": 0.2643171806167401
        }
    },
    "5": {
        "Random": {
            "Precision@5": 0.000881057268722467,
            "MRR@5": 0.0014684287812041115,
            "NDCG@5": 0.0025977613382197283
        },
        "BM25+CE": {
            "Precision@5": 0.24845814977973577,
            "MRR@5": 0.615785609397944,
            "NDCG@5": 0.5080006155729659
        },
        "SPLADE": {
            "Precision@5": 0.39647577092511055,
            "MRR@5": 0.8235682819383261,
            "NDCG@5": 0.6813613497783207
        },
        "ColBERT": {
            "Precision@5": 0.36916299559471416,
            "MRR@5": 0.852863436123348,
            "NDCG@5": 0.6631821838425883
        },
        "BM25": {
            "Precision@5": 0.3814977973568287,
            "MRR@5": 0.7911894273127755,
            "NDCG@5": 0.6643810023282517
        },
        "TFIDF": {
            "Precision@5": 0.3189427312775336,
            "MRR@5": 0.6739353891336269,
            "NDCG@5": 0.5889117994935749
        },
        "ANCE": {
            "Precision@5": 0.32158590308370066,
            "MRR@5": 0.7091042584434655,
            "NDCG@5": 0.5925470589190861
        },
        "DPR": {
            "Precision@5": 0.14361233480176186,
            "MRR@5": 0.3678414096916301,
            "NDCG@5": 0.3438863338063569
        }
    },
    "10": {
        "Random": {
            "Precision@10": 0.0004405286343612335,
            "MRR@10": 0.0014684287812041115,
            "NDCG@10": 0.0020015679903472887
        },
        "BM25+CE": {
            "Precision@10": 0.17356828193832619,
            "MRR@10": 0.6305747849800712,
            "NDCG@10": 0.46967861412792905
        },
        "SPLADE": {
            "Precision@10": 0.2651982378854627,
            "MRR@10": 0.8262953639605621,
            "NDCG@10": 0.5822563054633638
        },
        "ColBERT": {
            "Precision@10": 0.21145374449339238,
            "MRR@10": 0.8541220893643802,
            "NDCG@10": 0.535736225013568
        },
        "BM25": {
            "Precision@10": 0.262114537444934,
            "MRR@10": 0.7971155863226349,
            "NDCG@10": 0.5810147018518595
        },
        "TFIDF": {
            "Precision@10": 0.22466960352422932,
            "MRR@10": 0.6828543458499405,
            "NDCG@10": 0.5292906794685263
        },
        "ANCE": {
            "Precision@10": 0.2114537444933923,
            "MRR@10": 0.7173099783231941,
            "NDCG@10": 0.5191640070184693
        },
        "DPR": {
            "Precision@10": 0.10044052863436133,
            "MRR@10": 0.3810834906649886,
            "NDCG@10": 0.3252696810875942
        }
    }
}