{
    "Precision@5": 0.32158590308370066,
    "MRR@5": 0.7091042584434655,
    "NDCG@5": 0.5925470589190861
}