{
    "Precision@5": 0.24845814977973577,
    "MRR@5": 0.615785609397944,
    "NDCG@5": 0.5080006155729659
}