{
    "Precision@5": 0.36916299559471416,
    "MRR@5": 0.852863436123348,
    "NDCG@5": 0.6631821838425883
}