{
    "Precision@5": 0.14361233480176186,
    "MRR@5": 0.3678414096916301,
    "NDCG@5": 0.3438863338063569
}