{
    "Precision@5": 0.000881057268722467,
    "MRR@5": 0.0014684287812041115,
    "NDCG@5": 0.0025977613382197283
}