{
    "Precision@5": 0.3189427312775336,
    "MRR@5": 0.6739353891336269,
    "NDCG@5": 0.5889117994935749
}