{
    "Precision@10": 0.2114537444933923,
    "MRR@10": 0.7173099783231941,
    "NDCG@10": 0.5191640070184693
}