{
    "Precision@10": 0.10044052863436133,
    "MRR@10": 0.3810834906649886,
    "NDCG@10": 0.3252696810875942
}