{
    "Precision@10": 0.0013215859030837006,
    "MRR@10": 0.004552129221732745,
    "NDCG@10": 0.006004703971041866
}