{
    "Precision@10": 0.17356828193832619,
    "MRR@10": 0.6305747849800712,
    "NDCG@10": 0.46967861412792905
}