{
    "Precision@10": 0.262114537444934,
    "MRR@10": 0.7971155863226349,
    "NDCG@10": 0.5810147018518595
}