{
    "Precision@10": 0.21145374449339238,
    "MRR@10": 0.8541220893643802,
    "NDCG@10": 0.535736225013568
}