{
    "Precision@10": 0.0004405286343612335,
    "MRR@10": 0.0014684287812041115,
    "NDCG@10": 0.0020015679903472887
}