{
    "Precision@10": 0.2651982378854627,
    "MRR@10": 0.8262953639605621,
    "NDCG@10": 0.5822563054633638
}