{
    "Precision@10": 0.22466960352422932,
    "MRR@10": 0.6828543458499405,
    "NDCG@10": 0.5292906794685263
}