{
    "Precision@1": 0.6960352422907489,
    "MRR@1": 0.6960352422907489
}