{
    "Precision@1": 0.5242290748898678,
    "MRR@1": 0.5242290748898678
}