{
    "Precision@1": 0.7929515418502202,
    "MRR@1": 0.7929515418502202
}