{
    "Precision@1": 0.2643171806167401,
    "MRR@1": 0.2643171806167401
}