{
    "Precision@5": 0.3814977973568287,
    "MRR@5": 0.7911894273127755,
    "NDCG@5": 0.6643810023282517
}