{
    "Precision@5": 0.002643171806167401,
    "MRR@5": 0.004552129221732745,
    "NDCG@5": 0.0077932840146591855
}