{
    "Precision@5": 0.39647577092511055,
    "MRR@5": 0.8235682819383261,
    "NDCG@5": 0.6813613497783207
}