{
  "1": {
    "BM25SearchEngine": {
      "Precision@1": 0.43190661478599224,
      "MRR@1": 0.43190661478599224
    },
    "TFIDFSearchEngine": {
      "Precision@1": 0.39299610894941633,
      "MRR@1": 0.39299610894941633
    },
    "DirichletSearchEngine_mu_1000": {
      "Precision@1": 0.3424124513618677,
      "MRR@1": 0.3424124513618677
    },
    "LMJelinekMercerSearchEngine_lambda_0.7": {
      "Precision@1": 0.45136186770428016,
      "MRR@1": 0.45136186770428016
    },
    "BooleanSearchEngine": {
      "Precision@1": 0.19066147859922178,
      "MRR@1": 0.19066147859922178
    },
    "dirichletsearchengine_mu_500": {
      "Precision@1": 0.4085603112840467,
      "MRR@1": 0.4085603112840467
    },
    "dirichletsearchengine_mu_1000": {
      "Precision@1": 0.3657587548638132,
      "MRR@1": 0.3657587548638132
    },
    "dirichletsearchengine_mu_1500": {
      "Precision@1": 0.35019455252918286,
      "MRR@1": 0.35019455252918286
    },
    "lmjelinekmercersearchengine_lambda_0.1": {
      "Precision@1": 0.4280155642023346,
      "MRR@1": 0.4280155642023346
    },
    "lmjelinekmercersearchengine_lambda_0.3": {
      "Precision@1": 0.490272373540856,
      "MRR@1": 0.490272373540856
    },
    "lmjelinekmercersearchengine_lambda_0.5": {
      "Precision@1": 0.48249027237354086,
      "MRR@1": 0.48249027237354086
    },
    "lmjelinekmercersearchengine_lambda_0.9": {
      "Precision@1": 0.3968871595330739,
      "MRR@1": 0.3968871595330739
    }
  },
  "5": {
    "BM25SearchEngine": {
      "Precision@5": 0.1470817120622568,
      "MRR@5": 0.5520752269779508
    },
    "TFIDFSearchEngine": {
      "Precision@5": 0.13852140077820999,
      "MRR@5": 0.503177691309987
    },
    "DirichletSearchEngine_mu_1000": {
      "Precision@5": 0.13229571984435776,
      "MRR@5": 0.45719844357976647
    },
    "LMJelinekMercerSearchEngine_lambda_0.7": {
      "Precision@5": 0.15408560311284056,
      "MRR@5": 0.5773670557717249
    },
    "BooleanSearchEngine": {
      "Precision@5": 0.08482490272373523,
      "MRR@5": 0.28190661478599227
    },
    "dirichletsearchengine_mu_500": {
      "Precision@5": 0.14630350194552527,
      "MRR@5": 0.5303501945525292
    },
    "dirichletsearchengine_mu_1000": {
      "Precision@5": 0.1392996108949415,
      "MRR@5": 0.49085603112840454
    },
    "dirichletsearchengine_mu_1500": {
      "Precision@5": 0.13463035019455233,
      "MRR@5": 0.4701037613488974
    },
    "lmjelinekmercersearchengine_lambda_0.1": {
      "Precision@5": 0.13463035019455233,
      "MRR@5": 0.5249675745784694
    },
    "lmjelinekmercersearchengine_lambda_0.3": {
      "Precision@5": 0.14785992217898833,
      "MRR@5": 0.5850843060959793
    },
    "lmjelinekmercersearchengine_lambda_0.5": {
      "Precision@5": 0.15408560311284056,
      "MRR@5": 0.5959143968871595
    },
    "lmjelinekmercersearchengine_lambda_0.9": {
      "Precision@5": 0.14396887159533067,
      "MRR@5": 0.5257457846952011
    }
  },
  "10": {
    "BM25SearchEngine": {
      "Precision@10": 0.08093385214007792,
      "MRR@10": 0.5619124822432215
    },
    "TFIDFSearchEngine": {
      "Precision@10": 0.07743190661478604,
      "MRR@10": 0.5144293125810636
    },
    "DirichletSearchEngine_mu_1000": {
      "Precision@10": 0.0747081712062257,
      "MRR@10": 0.46907850040145765
    },
    "LMJelinekMercerSearchEngine_lambda_0.7": {
      "Precision@10": 0.08287937743190674,
      "MRR@10": 0.585342165400531
    },
    "BooleanSearchEngine": {
      "Precision@10": 0.050194552529182764,
      "MRR@10": 0.2926981038848744
    },
    "dirichletsearchengine_mu_500": {
      "Precision@10": 0.07976653696498062,
      "MRR@10": 0.5385955160274228
    },
    "dirichletsearchengine_mu_1000": {
      "Precision@10": 0.07704280155642028,
      "MRR@10": 0.5015517880303871
    },
    "dirichletsearchengine_mu_1500": {
      "Precision@10": 0.07665369649805451,
      "MRR@10": 0.482956580816503
    },
    "lmjelinekmercersearchengine_lambda_0.1": {
      "Precision@10": 0.07626459143968875,
      "MRR@10": 0.5366484466679019
    },
    "lmjelinekmercersearchengine_lambda_0.3": {
      "Precision@10": 0.08093385214007792,
      "MRR@10": 0.5949339139027855
    },
    "lmjelinekmercersearchengine_lambda_0.5": {
      "Precision@10": 0.08132295719844368,
      "MRR@10": 0.6022296337471433
    },
    "lmjelinekmercersearchengine_lambda_0.9": {
      "Precision@10": 0.08132295719844368,
      "MRR@10": 0.5380211228460254
    }
  }
}
