{
    "Precision@1": 0.6123348017621145,
    "MRR@1": 0.6123348017621145
}