{
    "Precision@1": 0.7444933920704846,
    "MRR@1": 0.7444933920704846
}