{
    "Precision@1": 0.5682819383259912,
    "MRR@1": 0.5682819383259912
}